{"id": "251475", "shortName": "germany2011", "year": 2011, "teams": [{"team": "Equatorial Guinea", "id": "1888631"}, {"team": "Nigeria", "id": "1882893"}, {"team": "Australia", "id": "1882891"}, {"team": "Japan", "id": "1883723"}, {"team": "Korea DPR", "id": "1883726"}, {"team": "England", "id": "1883720"}, {"team": "France", "id": "1884761"}, {"team": "Germany", "id": "1882879"}, {"team": "Norway", "id": "1882882"}, {"team": "Sweden", "id": "1882883"}, {"team": "Canada", "id": "1883718"}, {"team": "Mexico", "id": "1883724"}, {"team": "USA", "id": "1882884"}, {"team": "New Zealand", "id": "1883725"}, {"team": "Brazil", "id": "1882881"}, {"team": "Colombia", "id": "1885035"}], "name": "Germany 2011"}
{"id": "278513", "shortName": "france2019", "year": 2019, "teams": [{"team": "Argentina", "id": "1884881"}, {"team": "Australia", "id": "1882891"}, {"team": "Brazil", "id": "1882881"}, {"team": "Cameroon", "id": "1885020"}, {"team": "Canada", "id": "1883718"}, {"team": "Chile", "id": "1885005"}, {"team": "China PR", "id": "1882892"}, {"team": "England", "id": "1883720"}, {"team": "France", "id": "1884761"}, {"team": "Germany", "id": "1882879"}, {"team": "Italy", "id": "1883722"}, {"team": "Jamaica", "id": "1885011"}, {"team": "Japan", "id": "1883723"}, {"team": "Korea Republic", "id": "1885010"}, {"team": "Netherlands", "id": "1884883"}, {"team": "New Zealand", "id": "1883725"}, {"team": "Nigeria", "id": "1882893"}, {"team": "Norway", "id": "1882882"}, {"team": "Scotland", "id": "1884802"}, {"team": "South Africa", "id": "1885031"}, {"team": "Spain", "id": "1884823"}, {"team": "Sweden", "id": "1882883"}, {"team": "Thailand", "id": "1885009"}, {"team": "USA", "id": "1882884"}], "name": "France 2019"}
{"id": "3373", "shortName": "chinapr1991", "year": 1991, "teams": [{"team": "Nigeria", "id": "1882893"}, {"team": "China PR", "id": "1882892"}, {"team": "Chinese Taipei", "id": "1883728"}, {"team": "Japan", "id": "1883723"}, {"team": "Denmark", "id": "1883719"}, {"team": "Germany", "id": "1882879"}, {"team": "Italy", "id": "1883722"}, {"team": "Norway", "id": "1882882"}, {"team": "Sweden", "id": "1882883"}, {"team": "USA", "id": "1882884"}, {"team": "New Zealand", "id": "1883725"}, {"team": "Brazil", "id": "1882881"}], "name": "China PR 1991"}
{"id": "6929", "shortName": "usa2003", "year": 2003, "teams": [{"team": "Ghana", "id": "1883721"}, {"team": "Nigeria", "id": "1882893"}, {"team": "Australia", "id": "1882891"}, {"team": "China PR", "id": "1882892"}, {"team": "Japan", "id": "1883723"}, {"team": "Korea DPR", "id": "1883726"}, {"team": "Korea Republic", "id": "1885010"}, {"team": "France", "id": "1884761"}, {"team": "Germany", "id": "1882879"}, {"team": "Norway", "id": "1882882"}, {"team": "Russia", "id": "1883727"}, {"team": "Sweden", "id": "1882883"}, {"team": "Canada", "id": "1883718"}, {"team": "USA", "id": "1882884"}, {"team": "Argentina", "id": "1884881"}, {"team": "Brazil", "id": "1882881"}], "name": "USA 2003"}
{"id": "4654", "shortName": "sweden1995", "year": 1995, "teams": [{"team": "Nigeria", "id": "1882893"}, {"team": "Australia", "id": "1882891"}, {"team": "China PR", "id": "1882892"}, {"team": "Japan", "id": "1883723"}, {"team": "Denmark", "id": "1883719"}, {"team": "England", "id": "1883720"}, {"team": "Germany", "id": "1882879"}, {"team": "Norway", "id": "1882882"}, {"team": "Sweden", "id": "1882883"}, {"team": "Canada", "id": "1883718"}, {"team": "USA", "id": "1882884"}, {"team": "Brazil", "id": "1882881"}], "name": "Sweden 1995"}
{"id": "4644", "shortName": "usa1999", "year": 1999, "teams": [{"team": "Ghana", "id": "1883721"}, {"team": "Nigeria", "id": "1882893"}, {"team": "Australia", "id": "1882891"}, {"team": "China PR", "id": "1882892"}, {"team": "Japan", "id": "1883723"}, {"team": "Korea DPR", "id": "1883726"}, {"team": "Denmark", "id": "1883719"}, {"team": "Germany", "id": "1882879"}, {"team": "Italy", "id": "1883722"}, {"team": "Norway", "id": "1882882"}, {"team": "Russia", "id": "1883727"}, {"team": "Sweden", "id": "1882883"}, {"team": "Canada", "id": "1883718"}, {"team": "Mexico", "id": "1883724"}, {"team": "USA", "id": "1882884"}, {"team": "Brazil", "id": "1882881"}], "name": "USA 1999"}
{"id": "10232", "shortName": "china2007", "year": 2007, "teams": [{"team": "Ghana", "id": "1883721"}, {"team": "Nigeria", "id": "1882893"}, {"team": "Australia", "id": "1882891"}, {"team": "China PR", "id": "1882892"}, {"team": "Japan", "id": "1883723"}, {"team": "Korea DPR", "id": "1883726"}, {"team": "Denmark", "id": "1883719"}, {"team": "England", "id": "1883720"}, {"team": "Germany", "id": "1882879"}, {"team": "Norway", "id": "1882882"}, {"team": "Sweden", "id": "1882883"}, {"team": "Canada", "id": "1883718"}, {"team": "USA", "id": "1882884"}, {"team": "New Zealand", "id": "1883725"}, {"team": "Argentina", "id": "1884881"}, {"team": "Brazil", "id": "1882881"}], "name": "China 2007"}
{"id": "266030", "shortName": "canada2015", "year": 2015, "teams": [{"team": "Cameroon", "id": "1885020"}, {"team": "C\u00c3\u00b4te d'Ivoire", "id": "1887476"}, {"team": "Nigeria", "id": "1882893"}, {"team": "Australia", "id": "1882891"}, {"team": "China PR", "id": "1882892"}, {"team": "Japan", "id": "1883723"}, {"team": "Korea Republic", "id": "1885010"}, {"team": "Thailand", "id": "1885009"}, {"team": "England", "id": "1883720"}, {"team": "France", "id": "1884761"}, {"team": "Germany", "id": "1882879"}, {"team": "Netherlands", "id": "1884883"}, {"team": "Norway", "id": "1882882"}, {"team": "Spain", "id": "1884823"}, {"team": "Sweden", "id": "1882883"}, {"team": "Switzerland", "id": "1884203"}, {"team": "Canada", "id": "1883718"}, {"team": "Costa Rica", "id": "1884880"}, {"team": "Mexico", "id": "1883724"}, {"team": "USA", "id": "1882884"}, {"team": "New Zealand", "id": "1883725"}, {"team": "Brazil", "id": "1882881"}, {"team": "Colombia", "id": "1885035"}, {"team": "Ecuador", "id": "1885022"}], "name": "Canada 2015"}
